City,Code,Airport,URL,Latitude,Longitude,Activation Year,Wiki URL,SV URL
Branson,BBG,Branson Airport,https://en.wikipedia.org/wiki/Branson_Airport,N36°31.92',W93°12.03',2008,https://en.wikipedia.org/wiki/Branson_Airport,https://skyvector.com/airport/BBG
Columbia,COU,Columbia Regional Airport,https://en.wikipedia.org/wiki/Columbia_Regional_Airport,N38°49.06',W92°13.07',9999,https://en.wikipedia.org/wiki/Columbia_Regional_Airport,https://skyvector.com/airport/COU
Fort Leonard Wood/Waynesville,TBN,Waynesville–St. Robert Regional Airport(Forney Field),https://en.wikipedia.org/wiki/Waynesville%E2%80%93St._Robert_Regional_Airport,N37°44.50',W92°8.44',1944,https://en.wikipedia.org/wiki/Waynesville–St._Robert_Regional_Airport(Forney_Field),https://skyvector.com/airport/TBN
Joplin,JLN,Joplin Regional Airport,https://en.wikipedia.org/wiki/Joplin_Regional_Airport,N37°9.19',W94°29.93',1940,https://en.wikipedia.org/wiki/Joplin_Regional_Airport,https://skyvector.com/airport/JLN
Kansas City,MCI,Kansas City International Airport(was Mid-Continent International),https://en.wikipedia.org/wiki/Kansas_City_International_Airport,N39°17.86',W94°42.83',1956,https://en.wikipedia.org/wiki/Kansas_City_International_Airport(was_Mid-Continent_International),https://skyvector.com/airport/MCI
St. Louis,STL,St. Louis Lambert International Airport,https://en.wikipedia.org/wiki/St._Louis_Lambert_International_Airport,N38°44.92',W90°22.20',1940,https://en.wikipedia.org/wiki/St._Louis_Lambert_International_Airport,https://skyvector.com/airport/STL
Springfield,SGF,Springfield–Branson National Airport,https://en.wikipedia.org/wiki/Springfield%E2%80%93Branson_National_Airport,N37°14.74',W93°23.32',9999,https://en.wikipedia.org/wiki/Springfield–Branson_National_Airport,https://skyvector.com/airport/SGF
Cape Girardeau,CGI,Cape Girardeau Regional Airport,https://en.wikipedia.org/wiki/Cape_Girardeau_Regional_Airport,N37°13.52',W89°34.25',1943,https://en.wikipedia.org/wiki/Cape_Girardeau_Regional_Airport,https://skyvector.com/airport/CGI
Kirksville,IRK,Kirksville Regional Airport,https://en.wikipedia.org/wiki/Kirksville_Regional_Airport,N40°5.61',W92°32.70',1941,https://en.wikipedia.org/wiki/Kirksville_Regional_Airport,https://skyvector.com/airport/IRK
Kansas City,MKC,Charles B. Wheeler Downtown Airport(Kansas City Downtown),https://en.wikipedia.org/wiki/Charles_B._Wheeler_Downtown_Airport,N39°7.38',W94°35.57',1940,https://en.wikipedia.org/wiki/Charles_B._Wheeler_Downtown_Airport(Kansas_City_Downtown),https://skyvector.com/airport/MKC
Lee's Summit,LXT,Lee's Summit Municipal Airport,https://en.wikipedia.org/wiki/Lee%27s_Summit_Municipal_Airport,N38°57.55',W94°22.31',1972,https://en.wikipedia.org/wiki/Lee's_Summit_Municipal_Airport,https://skyvector.com/airport/LXT
St. Charles,SET,St. Charles County Smartt Airport(Smartt Field),https://en.wikipedia.org/wiki/St._Charles_County_Smartt_Airport,N38°55.78',W90°25.80',1941,https://en.wikipedia.org/wiki/St._Charles_County_Smartt_Airport(Smartt_Field),https://skyvector.com/airport/SET
St. Louis,1H0,Creve Coeur Airport,https://en.wikipedia.org/wiki/Creve_Coeur_Airport,N38°43.64',W90°30.51',9999,https://en.wikipedia.org/wiki/Creve_Coeur_Airport,https://skyvector.com/airport/1H0
St. Louis,SUS,Spirit of St. Louis Airport,https://en.wikipedia.org/wiki/Spirit_of_St._Louis_Airport,N38°39.73',W90°39.12',1964,https://en.wikipedia.org/wiki/Spirit_of_St._Louis_Airport,https://skyvector.com/airport/SUS
Aurora,2H2,Jerry Sumners Sr. Aurora Municipal Airport,https://en.wikipedia.org/wiki/Jerry_Sumners_Sr._Aurora_Municipal_Airport,N36°57.74',W93°41.72',1958,https://en.wikipedia.org/wiki/Jerry_Sumners_Sr._Aurora_Municipal_Airport,https://skyvector.com/airport/2H2
Bolivar,M17,Bolivar Municipal Airport,https://en.wikipedia.org/wiki/Bolivar_Municipal_Airport,N37°35.77',W93°20.86',1996,https://en.wikipedia.org/wiki/Bolivar_Municipal_Airport,https://skyvector.com/airport/M17
Boonville,VER,Jesse Viertel Memorial Airport(Jesse P. Viertel),https://en.wikipedia.org/wiki/Jesse_Viertel_Memorial_Airport,N38°56.80',W92°40.96',1974,https://en.wikipedia.org/wiki/Jesse_Viertel_Memorial_Airport(Jesse_P._Viertel),https://skyvector.com/airport/VER
Bowling Green,H19,Bowling Green Municipal Airport,https://en.wikipedia.org/w/index.php?title=Bowling_Green_Municipal_Airport&action=edit&redlink=1,N39°22.24',W91°13.22',1941,https://en.wikipedia.org/wiki/Bowling_Green_Municipal_Airport,https://skyvector.com/airport/H19
Branson West,FWB,Branson West Municipal Airport(Emerson Field),https://en.wikipedia.org/wiki/Branson_West_Airport,N36°41.91',W93°24.13',2009,https://en.wikipedia.org/wiki/Branson_West_Municipal_Airport(Emerson_Field),https://skyvector.com/airport/FWB
Brookfield,MO8,North Central Missouri Regional Airport,https://en.wikipedia.org/w/index.php?title=North_Central_Missouri_Regional_Airport&action=edit&redlink=1,N39°46.28',W93°0.77',2002,https://en.wikipedia.org/wiki/North_Central_Missouri_Regional_Airport,https://skyvector.com/airport/MO8
Butler,BUM,Butler Memorial Airport,https://en.wikipedia.org/w/index.php?title=Butler_Memorial_Airport&action=edit&redlink=1,N38°17.39',W94°20.41',1946,https://en.wikipedia.org/wiki/Butler_Memorial_Airport,https://skyvector.com/airport/BUM
Cabool,TVB,Cabool Memorial Airport,https://en.wikipedia.org/w/index.php?title=Cabool_Memorial_Airport&action=edit&redlink=1,N37°7.95',W92°5.04',1949,https://en.wikipedia.org/wiki/Cabool_Memorial_Airport,https://skyvector.com/airport/TVB
Camdenton,OZS,Camdenton Memorial-Lake Regional Airport,https://en.wikipedia.org/wiki/Camdenton_Memorial_Airport,N37°58.36',W92°41.43',1946,https://en.wikipedia.org/wiki/Camdenton_Memorial-Lake_Regional_Airport,https://skyvector.com/airport/OZS
Cameron,EZZ,Cameron Memorial Airport,https://en.wikipedia.org/wiki/Cameron_Memorial_Airport,N39°43.65',W94°16.58',1970,https://en.wikipedia.org/wiki/Cameron_Memorial_Airport,https://skyvector.com/airport/EZZ
Caruthersville,M05,Caruthersville Memorial Airport,https://en.wikipedia.org/w/index.php?title=Caruthersville_Memorial_Airport&action=edit&redlink=1,N36°10.15',W89°40.59',1949,https://en.wikipedia.org/wiki/Caruthersville_Memorial_Airport,https://skyvector.com/airport/M05
Cassville,94K,Cassville Municipal Airport,https://en.wikipedia.org/wiki/Cassville_Municipal_Airport_(Missouri),N36°41.85',W93°54.03',9999,https://en.wikipedia.org/wiki/Cassville_Municipal_Airport,https://skyvector.com/airport/94K
Chillicothe,CHT,Chillicothe Municipal Airport,https://en.wikipedia.org/w/index.php?title=Chillicothe_Municipal_Airport&action=edit&redlink=1,N39°46.92',W93°29.77',1946,https://en.wikipedia.org/wiki/Chillicothe_Municipal_Airport,https://skyvector.com/airport/CHT
Clinton,GLY,Clinton Regional Airport,https://en.wikipedia.org/w/index.php?title=Clinton_Regional_Airport_Missouri&action=edit&redlink=1,N38°21.28',W93°40.75',9999,https://en.wikipedia.org/wiki/Clinton_Regional_Airport,https://skyvector.com/airport/GLY
Cuba,UBX,Cuba Municipal Airport,https://en.wikipedia.org/w/index.php?title=Cuba_Municipal_Airport&action=edit&redlink=1,N38°4.13',W91°25.73',1979,https://en.wikipedia.org/wiki/Cuba_Municipal_Airport,https://skyvector.com/airport/UBX
Dexter,DXE,Dexter Municipal Airport,https://en.wikipedia.org/w/index.php?title=Dexter_Municipal_Airport&action=edit&redlink=1,N36°46.53',W89°56.47',1944,https://en.wikipedia.org/wiki/Dexter_Municipal_Airport,https://skyvector.com/airport/DXE
Eldon,H79,Eldon Model Airpark,https://en.wikipedia.org/w/index.php?title=Eldon_Model_Airpark&action=edit&redlink=1,N38°21.70',W92°34.28',1946,https://en.wikipedia.org/wiki/Eldon_Model_Airpark,https://skyvector.com/airport/H79
Farmington,FAM,Farmington Regional Airport,https://en.wikipedia.org/wiki/Farmington_Regional_Airport,N37°45.65',W90°25.72',1962,https://en.wikipedia.org/wiki/Farmington_Regional_Airport,https://skyvector.com/airport/FAM
Fredericktown,H88,A. Paul Vance Fredericktown Regional Airport,https://en.wikipedia.org/wiki/A._Paul_Vance_Fredericktown_Regional_Airport,N37°36.34',W90°17.25',1959,https://en.wikipedia.org/wiki/A._Paul_Vance_Fredericktown_Regional_Airport,https://skyvector.com/airport/H88
Fulton,FTT,Elton Hensley Memorial Airport,https://en.wikipedia.org/w/index.php?title=Elton_Hensley_Memorial_Airport&action=edit&redlink=1,N38°50.29',W92°0.15',1942,https://en.wikipedia.org/wiki/Elton_Hensley_Memorial_Airport,https://skyvector.com/airport/FTT
Hannibal,HAE,Hannibal Regional Airport(was Hannibal Municipal),https://en.wikipedia.org/wiki/Hannibal_Regional_Airport,N39°43.51',W91°26.63',1940,https://en.wikipedia.org/wiki/Hannibal_Regional_Airport(was_Hannibal_Municipal),https://skyvector.com/airport/HAE
Harrisonville,LRY,Lawrence Smith Memorial Airport,https://en.wikipedia.org/wiki/Lawrence_Smith_Memorial_Airport,N38°36.61',W94°20.61',1947,https://en.wikipedia.org/wiki/Lawrence_Smith_Memorial_Airport,https://skyvector.com/airport/LRY
Higginsville,HIG,Higginsville Industrial Municipal Airport,https://en.wikipedia.org/w/index.php?title=Higginsville_Industrial_Municipal_Airport&action=edit&redlink=1,N39°4.35',W93°40.64',9999,https://en.wikipedia.org/wiki/Higginsville_Industrial_Municipal_Airport,https://skyvector.com/airport/HIG
Houston,M48,Houston Memorial Airport,https://en.wikipedia.org/w/index.php?title=Houston_Memorial_Airport&action=edit&redlink=1,N37°19.81',W91°58.39',1945,https://en.wikipedia.org/wiki/Houston_Memorial_Airport,https://skyvector.com/airport/M48
Jefferson City,JEF,Jefferson City Memorial Airport,https://en.wikipedia.org/wiki/Jefferson_City_Memorial_Airport,N38°35.47',W92°9.37',1949,https://en.wikipedia.org/wiki/Jefferson_City_Memorial_Airport,https://skyvector.com/airport/JEF
Kaiser/Lake Ozark,AIZ,Lee C. Fine Memorial Airport,https://en.wikipedia.org/wiki/Lee_C._Fine_Memorial_Airport,N38°5.76',W92°32.97',9999,https://en.wikipedia.org/wiki/Lee_C._Fine_Memorial_Airport,https://skyvector.com/airport/AIZ
Kennett,TKX,Kennett Memorial Airport,https://en.wikipedia.org/wiki/Kennett_Memorial_Airport,N36°13.55',W90°2.20',1940,https://en.wikipedia.org/wiki/Kennett_Memorial_Airport,https://skyvector.com/airport/TKX
Lamar,LLU,Lamar Municipal Airport,https://en.wikipedia.org/wiki/Lamar_Municipal_Airport_(Missouri),N37°29.16',W94°18.72',1951,https://en.wikipedia.org/wiki/Lamar_Municipal_Airport,https://skyvector.com/airport/LLU
Lebanon,LBO,Floyd W. Jones Lebanon Airport,https://en.wikipedia.org/wiki/Floyd_W._Jones_Lebanon_Airport,N37°38.90',W92°39.15',1941,https://en.wikipedia.org/wiki/Floyd_W._Jones_Lebanon_Airport,https://skyvector.com/airport/LBO
Linn,1H3,State Technical College of Missouri Airport,https://en.wikipedia.org/w/index.php?title=State_Technical_College_of_Missouri_Airport&action=edit&redlink=1,N38°28.30',W91°49.03',9999,https://en.wikipedia.org/wiki/State_Technical_College_of_Missouri_Airport,https://skyvector.com/airport/1H3
Macon,K89,Macon-Fower Memorial Airport,https://en.wikipedia.org/w/index.php?title=Macon-Fower_Memorial_Airport&action=edit&redlink=1,N39°43.79',W92°27.40',1947,https://en.wikipedia.org/wiki/Macon-Fower_Memorial_Airport,https://skyvector.com/airport/K89
Malden,MAW,Malden Regional Airport(was Malden Municipal),https://en.wikipedia.org/wiki/Malden_Regional_Airport,N36°35.89',W89°59.55',1941,https://en.wikipedia.org/wiki/Malden_Regional_Airport(was_Malden_Municipal),https://skyvector.com/airport/MAW
Marshall,MHL,Marshall Memorial Municipal Airport,https://en.wikipedia.org/wiki/Marshall_Memorial_Municipal_Airport,N39°5.73',W93°12.18',1941,https://en.wikipedia.org/wiki/Marshall_Memorial_Municipal_Airport,https://skyvector.com/airport/MHL
Maryville,EVU,Northwest Missouri Regional Airport,https://en.wikipedia.org/wiki/Northwest_Missouri_Regional_Airport,N40°21.20',W94°55.00',1945,https://en.wikipedia.org/wiki/Northwest_Missouri_Regional_Airport,https://skyvector.com/airport/EVU
Memphis,03D,Memphis Memorial Airport,https://en.wikipedia.org/w/index.php?title=Memphis_Memorial_Airport&action=edit&redlink=1,N40°26.83',W92°13.62',1966,https://en.wikipedia.org/wiki/Memphis_Memorial_Airport,https://skyvector.com/airport/03D
Mexico,MYJ,Mexico Memorial Airport,https://en.wikipedia.org/wiki/Mexico_Memorial_Airport,N39°9.45',W91°49.10',1940,https://en.wikipedia.org/wiki/Mexico_Memorial_Airport,https://skyvector.com/airport/MYJ
Moberly,MBY,Omar N. Bradley Airport,https://en.wikipedia.org/w/index.php?title=Omar_N._Bradley_Airport&action=edit&redlink=1,N39°27.79',W92°25.55',1940,https://en.wikipedia.org/wiki/Omar_N._Bradley_Airport,https://skyvector.com/airport/MBY
Monett,HFJ,Monett Municipal Airport,https://en.wikipedia.org/wiki/Monett_Municipal_Airport,N36°54.31',W94°0.85',1985,https://en.wikipedia.org/wiki/Monett_Municipal_Airport,https://skyvector.com/airport/HFJ
Monticello,6M6,Lewis County Regional Airport,https://en.wikipedia.org/w/index.php?title=Lewis_County_Regional_Airport&action=edit&redlink=1,N40°7.75',W91°40.70',1992,https://en.wikipedia.org/wiki/Lewis_County_Regional_Airport,https://skyvector.com/airport/6M6
Mosby,GPH,Midwest National Air Center(was Clay County Regional),https://en.wikipedia.org/wiki/Midwest_National_Air_Center,N39°19.95',W94°18.58',9999,https://en.wikipedia.org/wiki/Midwest_National_Air_Center(was_Clay_County_Regional),https://skyvector.com/airport/GPH
Mountain Grove,1MO,Mountain Grove Memorial Airport,https://en.wikipedia.org/w/index.php?title=Mountain_Grove_Memorial_Airport&action=edit&redlink=1,N37°7.25',W92°18.61',9999,https://en.wikipedia.org/wiki/Mountain_Grove_Memorial_Airport,https://skyvector.com/airport/1MO
Mountain View,MNF,Mountain View Airport,https://en.wikipedia.org/wiki/Mountain_View_Airport_(Missouri),N36°59.57',W91°42.87',1965,https://en.wikipedia.org/wiki/Mountain_View_Airport,https://skyvector.com/airport/MNF
Neosho,EOS,Neosho Hugh Robinson Airport,https://en.wikipedia.org/wiki/Neosho_Hugh_Robinson_Airport,N36°48.65',W94°23.50',1966,https://en.wikipedia.org/wiki/Neosho_Hugh_Robinson_Airport,https://skyvector.com/airport/EOS
Nevada,NVD,Nevada Municipal Airport,https://en.wikipedia.org/w/index.php?title=Nevada_Municipal_Airport&action=edit&redlink=1,N37°51.15',W94°18.28',1941,https://en.wikipedia.org/wiki/Nevada_Municipal_Airport,https://skyvector.com/airport/NVD
New Madrid,EIW,County Memorial Airport,https://en.wikipedia.org/w/index.php?title=County_Memorial_Airport&action=edit&redlink=1,N36°32.12',W89°35.98',9999,https://en.wikipedia.org/wiki/County_Memorial_Airport,https://skyvector.com/airport/EIW
Osage Beach,K15,Grand Glaize-Osage Beach Airport,https://en.wikipedia.org/w/index.php?title=Grand_Glaize-Osage_Beach_Airport&action=edit&redlink=1,N38°6.63',W92°40.83',1947,https://en.wikipedia.org/wiki/Grand_Glaize-Osage_Beach_Airport,https://skyvector.com/airport/K15
Perryville,PCD,Perryville Regional Airport,https://en.wikipedia.org/wiki/Perryville_Municipal_Airport,N37°52.12',W89°51.73',1947,https://en.wikipedia.org/wiki/Perryville_Regional_Airport,https://skyvector.com/airport/PCD
Piedmont,PYN,Piedmont Municipal Airport,https://en.wikipedia.org/w/index.php?title=Piedmont_Municipal_Airport&action=edit&redlink=1,N37°7.57',W90°42.81',1975,https://en.wikipedia.org/wiki/Piedmont_Municipal_Airport,https://skyvector.com/airport/PYN
Poplar Bluff,POF,Poplar Bluff Regional Business Airport,https://en.wikipedia.org/w/index.php?title=Poplar_Bluff_Regional_Business_Airport&action=edit&redlink=1,N36°46.44',W90°19.49',1940,https://en.wikipedia.org/wiki/Poplar_Bluff_Regional_Business_Airport,https://skyvector.com/airport/POF
Potosi,8WC,Washington County Airport,https://en.wikipedia.org/wiki/Washington_County_Airport_(Missouri),N37°55.75',W90°43.89',1969,https://en.wikipedia.org/wiki/Washington_County_Airport,https://skyvector.com/airport/8WC
Rolla/Vichy,VIH,Rolla National Airport,https://en.wikipedia.org/wiki/Rolla_National_Airport,N38°7.65',W91°46.17',1944,https://en.wikipedia.org/wiki/Rolla_National_Airport,https://skyvector.com/airport/VIH
St. Joseph,STJ,Rosecrans Memorial Airport,https://en.wikipedia.org/wiki/Rosecrans_Memorial_Airport,N39°46.32',W94°54.58',1940,https://en.wikipedia.org/wiki/Rosecrans_Memorial_Airport,https://skyvector.com/airport/STJ
Salem,K33,Salem Memorial Airport,https://en.wikipedia.org/wiki/Salem_Memorial_Airport,N37°36.91',W91°36.27',1958,https://en.wikipedia.org/wiki/Salem_Memorial_Airport,https://skyvector.com/airport/K33
Sedalia,DMO,Sedalia Regional Airport(was Sedalia Memorial),https://en.wikipedia.org/wiki/Sedalia_Regional_Airport,N38°42.45',W93°10.56',1952,https://en.wikipedia.org/wiki/Sedalia_Regional_Airport(was_Sedalia_Memorial),https://skyvector.com/airport/DMO
Sikeston,SIK,Sikeston Memorial Municipal Airport,https://en.wikipedia.org/wiki/Sikeston_Memorial_Municipal_Airport,N36°53.93',W89°33.71',1940,https://en.wikipedia.org/wiki/Sikeston_Memorial_Municipal_Airport,https://skyvector.com/airport/SIK
Sullivan,UUV,Sullivan Regional Airport,https://en.wikipedia.org/wiki/Sullivan_Regional_Airport,N38°14.01',W91°9.86',1991,https://en.wikipedia.org/wiki/Sullivan_Regional_Airport,https://skyvector.com/airport/UUV
Tarkio,K57,Gould Peterson Municipal Airport,https://en.wikipedia.org/w/index.php?title=Gould_Peterson_Municipal_Airport&action=edit&redlink=1,N40°26.73',W95°22.04',1941,https://en.wikipedia.org/wiki/Gould_Peterson_Municipal_Airport,https://skyvector.com/airport/K57
Trenton,TRX,Trenton Municipal Airport,https://en.wikipedia.org/wiki/Trenton_Municipal_Airport_(Missouri),N40°5.01',W93°35.44',1965,https://en.wikipedia.org/wiki/Trenton_Municipal_Airport,https://skyvector.com/airport/TRX
Warrensburg,RCM,Skyhaven Airport,https://en.wikipedia.org/wiki/Skyhaven_Airport_(Missouri),N38°47.05',W93°48.17',1946,https://en.wikipedia.org/wiki/Skyhaven_Airport,https://skyvector.com/airport/RCM
Warsaw,RAW,Warsaw Municipal Airport,https://en.wikipedia.org/wiki/Warsaw_Municipal_Airport_(Missouri),N38°20.87',W93°20.72',9999,https://en.wikipedia.org/wiki/Warsaw_Municipal_Airport,https://skyvector.com/airport/RAW
Washington,FYG,Washington Regional Airport(was Washington Memorial),https://en.wikipedia.org/w/index.php?title=Washington_Regional_Airport&action=edit&redlink=1,N38°35.25',W90°59.63',9999,https://en.wikipedia.org/wiki/Washington_Regional_Airport(was_Washington_Memorial),https://skyvector.com/airport/FYG
West Plains,UNO,West Plains Regional Airport(was West Plains Municipal),https://en.wikipedia.org/wiki/West_Plains_Regional_Airport,N36°52.71',W91°54.16',1985,https://en.wikipedia.org/wiki/West_Plains_Regional_Airport(was_West_Plains_Municipal),https://skyvector.com/airport/UNO
Albany,K19,Albany Municipal Airport,https://en.wikipedia.org/wiki/Albany_Municipal_Airport_(Missouri),N40°15.73',W94°20.34',1982,https://en.wikipedia.org/wiki/Albany_Municipal_Airport,https://skyvector.com/airport/K19
Ava,AOV,Ava Bill Martin Memorial Airport,https://en.wikipedia.org/wiki/Ava_Bill_Martin_Memorial_Airport,N36°58.31',W92°40.92',9999,https://en.wikipedia.org/wiki/Ava_Bill_Martin_Memorial_Airport,https://skyvector.com/airport/AOV
Bates City,2M1,Harry S. Truman Regional Airport,https://en.wikipedia.org/w/index.php?title=Harry_S._Truman_Regional_Airport&action=edit&redlink=1,N39°1.18',W94°5.19',1985,https://en.wikipedia.org/wiki/Harry_S._Truman_Regional_Airport,https://skyvector.com/airport/2M1
Bethany,75K,Bethany Memorial Airport,https://en.wikipedia.org/wiki/Bethany_Memorial_Airport,N40°16.61',W94°0.45',1967,https://en.wikipedia.org/wiki/Bethany_Memorial_Airport,https://skyvector.com/airport/75K
Bismarck,H57,Bismarck Memorial Airport,https://en.wikipedia.org/wiki/Bismarck_Memorial_Airport,N37°45.53',W90°37.01',1951,https://en.wikipedia.org/wiki/Bismarck_Memorial_Airport,https://skyvector.com/airport/H57
Branson/Point Lookout,PLK,M. Graham Clark Downtown Airport(was Taney County Airport),https://en.wikipedia.org/wiki/M._Graham_Clark_Downtown_Airport,N36°37.56',W93°13.74',1969,https://en.wikipedia.org/wiki/M._Graham_Clark_Downtown_Airport(was_Taney_County_Airport),https://skyvector.com/airport/PLK
Buffalo,H17,Buffalo Municipal Airport,https://en.wikipedia.org/wiki/Buffalo_Municipal_Airport_(Missouri),N37°39.24',W93°5.22',1952,https://en.wikipedia.org/wiki/Buffalo_Municipal_Airport,https://skyvector.com/airport/H17
Campbell,34M,Campbell Municipal Airport,https://en.wikipedia.org/w/index.php?title=Campbell_Municipal_Airport&action=edit&redlink=1,N36°29.16',W90°0.94',1949,https://en.wikipedia.org/wiki/Campbell_Municipal_Airport,https://skyvector.com/airport/34M
Carrollton,K26,Carrollton Memorial Airport,https://en.wikipedia.org/w/index.php?title=Carrollton_Memorial_Airport&action=edit&redlink=1,N39°18.73',W93°30.39',1963,https://en.wikipedia.org/wiki/Carrollton_Memorial_Airport,https://skyvector.com/airport/K26
Charleston,CHQ,Mississippi County Airport,https://en.wikipedia.org/wiki/Mississippi_County_Airport,N36°50.53',W89°21.58',1975,https://en.wikipedia.org/wiki/Mississippi_County_Airport,https://skyvector.com/airport/CHQ
Dearborn,0C1,Triple R Airport,https://en.wikipedia.org/w/index.php?title=Triple_R_Airport&action=edit&redlink=1,N39°29.26',W94°46.87',1991,https://en.wikipedia.org/wiki/Triple_R_Airport,https://skyvector.com/airport/0C1
Doniphan,X33,Doniphan Municipal Airport,https://en.wikipedia.org/w/index.php?title=Doniphan_Municipal_Airport&action=edit&redlink=1,N36°41.63',W90°47.07',1989,https://en.wikipedia.org/wiki/Doniphan_Municipal_Airport,https://skyvector.com/airport/X33
El Dorado Springs,87K,El Dorado Springs Memorial Airport,https://en.wikipedia.org/w/index.php?title=El_Dorado_Springs_Memorial_Airport&action=edit&redlink=1,N37°51.43',W93°59.86',9999,https://en.wikipedia.org/wiki/El_Dorado_Springs_Memorial_Airport,https://skyvector.com/airport/87K
Excelsior Springs,3EX,Excelsior Springs Memorial Airport,https://en.wikipedia.org/w/index.php?title=Excelsior_Springs_Memorial_Airport&action=edit&redlink=1,N39°20.24',W94°11.85',1952,https://en.wikipedia.org/wiki/Excelsior_Springs_Memorial_Airport,https://skyvector.com/airport/3EX
Festus,FES,Festus Memorial Airport,https://en.wikipedia.org/wiki/Festus_Memorial_Airport,,,9999,https://en.wikipedia.org/wiki/Festus_Memorial_Airport,https://skyvector.com/airport/FES
Gainesville,H27,Gainesville Memorial Airport,https://en.wikipedia.org/w/index.php?title=Gainesville_Memorial_Airport&action=edit&redlink=1,,,9999,https://en.wikipedia.org/wiki/Gainesville_Memorial_Airport,https://skyvector.com/airport/H27
Gideon,M85,Gideon Memorial Airport,https://en.wikipedia.org/w/index.php?title=Gideon_Memorial_Airport&action=edit&redlink=1,N36°26.63',W89°54.23',1944,https://en.wikipedia.org/wiki/Gideon_Memorial_Airport,https://skyvector.com/airport/M85
Grain Valley,3GV,East Kansas City Airport,https://en.wikipedia.org/w/index.php?title=East_Kansas_City_Airport&action=edit&redlink=1,N39°0.88',W94°12.89',1956,https://en.wikipedia.org/wiki/East_Kansas_City_Airport,https://skyvector.com/airport/3GV
Hayti,M28,Mid Continent Airport(Mid-Continent Airport),https://en.wikipedia.org/w/index.php?title=Mid_Continent_Airport&action=edit&redlink=1,N36°13.45',W89°43.73',1952,https://en.wikipedia.org/wiki/Mid_Continent_Airport(Mid-Continent_Airport),https://skyvector.com/airport/M28
Hermann,63M,Hermann Municipal Airport,https://en.wikipedia.org/w/index.php?title=Hermann_Municipal_Airport&action=edit&redlink=1,N38°42.31',W91°29.43',1998,https://en.wikipedia.org/wiki/Hermann_Municipal_Airport,https://skyvector.com/airport/63M
Hornersville,37M,Hornersville Memorial Airport,https://en.wikipedia.org/w/index.php?title=Hornersville_Memorial_Airport&action=edit&redlink=1,N36°2.52',W90°8.95',1948,https://en.wikipedia.org/wiki/Hornersville_Memorial_Airport,https://skyvector.com/airport/37M
Kahoka,0H7,Kahoka Municipal Airport,https://en.wikipedia.org/w/index.php?title=Kahoka_Municipal_Airport&action=edit&redlink=1,N40°25.30',W91°42.40',1946,https://en.wikipedia.org/wiki/Kahoka_Municipal_Airport,https://skyvector.com/airport/0H7
Liberty,0N0,Roosterville Airport,https://en.wikipedia.org/w/index.php?title=Roosterville_Airport&action=edit&redlink=1,N39°17.39',W94°26.55',1966,https://en.wikipedia.org/wiki/Roosterville_Airport,https://skyvector.com/airport/0N0
Lincoln,0R2,Lincoln Municipal Airport,https://en.wikipedia.org/wiki/Lincoln_Municipal_Airport_(Missouri),N38°24.14',W93°19.94',1973,https://en.wikipedia.org/wiki/Lincoln_Municipal_Airport,https://skyvector.com/airport/0R2
Mansfield,03B,Mansfield Municipal Airport,https://en.wikipedia.org/w/index.php?title=Mansfield_Municipal_Airport_(Missouri)&action=edit&redlink=1,N37°7.61',W92°37.30',1954,https://en.wikipedia.org/wiki/Mansfield_Municipal_Airport,https://skyvector.com/airport/03B
Maryville,78Y,Rankin Airport,https://en.wikipedia.org/wiki/Rankin_Airport_(Missouri),N40°19.90',W94°50.08',1974,https://en.wikipedia.org/wiki/Rankin_Airport,https://skyvector.com/airport/78Y
Monroe City,K52,Monroe City Airport(Capt. Ben Smith Airfield),https://en.wikipedia.org/wiki/Monroe_City_Regional_Airport,N39°38.06',W91°43.62',9999,https://en.wikipedia.org/wiki/Monroe_City_Airport(Capt._Ben_Smith_Airfield),https://skyvector.com/airport/K52
Moscow Mills,M71,Greensfield Airport,https://en.wikipedia.org/w/index.php?title=Greensfield_Airport&action=edit&redlink=1,N38°54.11',W90°57.62',1991,https://en.wikipedia.org/wiki/Greensfield_Airport,https://skyvector.com/airport/M71
Mount Vernon,2MO,Mount Vernon Municipal Airport,https://en.wikipedia.org/w/index.php?title=Mount_Vernon_Municipal_Airport&action=edit&redlink=1,N37°4.10',W93°53.10',9999,https://en.wikipedia.org/wiki/Mount_Vernon_Municipal_Airport,https://skyvector.com/airport/2MO
Osage Beach,19T,Tan-Tar-A Resort Seaplane Base,https://en.wikipedia.org/wiki/Tan-Tar-A_Resort_Seaplane_Base,N38°8.00',W92°44.01',1964,https://en.wikipedia.org/wiki/Tan-Tar-A_Resort_Seaplane_Base,https://skyvector.com/airport/19T
Richland,MO1,Richland Municipal Airport,https://en.wikipedia.org/wiki/Richland_Municipal_Airport,N37°52.49',W92°24.48',1970,https://en.wikipedia.org/wiki/Richland_Municipal_Airport,https://skyvector.com/airport/MO1
Rolla,K07,Rolla Downtown Airport,https://en.wikipedia.org/wiki/Rolla_Downtown_Airport,N37°56.14',W91°48.81',1963,https://en.wikipedia.org/wiki/Rolla_Downtown_Airport,https://skyvector.com/airport/K07
Seymour,H58,Owen Field,https://en.wikipedia.org/w/index.php?title=Owen_Field_(airport)&action=edit&redlink=1,N37°11.04',W92°44.22',1946,https://en.wikipedia.org/wiki/Owen_Field,https://skyvector.com/airport/H58
Shelbyville,6K2,Shelby County Airport,https://en.wikipedia.org/wiki/Shelby_County_Airport_(Missouri),N39°48.75',W92°3.01',1957,https://en.wikipedia.org/wiki/Shelby_County_Airport,https://skyvector.com/airport/6K2
Springfield,3DW,Downtown Airport,https://en.wikipedia.org/wiki/Downtown_Airport_(Missouri),N37°13.36',W93°14.90',1948,https://en.wikipedia.org/wiki/Downtown_Airport,https://skyvector.com/airport/3DW
Springfield,MO2,Flying Bar H Ranch Airport,https://en.wikipedia.org/w/index.php?title=Flying_Bar_H_Ranch_Airport&action=edit&redlink=1,N37°10.51',W93°7.74',1965,https://en.wikipedia.org/wiki/Flying_Bar_H_Ranch_Airport,https://skyvector.com/airport/MO2
Steele,M12,Steele Municipal Airport,https://en.wikipedia.org/w/index.php?title=Steele_Municipal_Airport&action=edit&redlink=1,N36°5.74',W89°51.57',1944,https://en.wikipedia.org/wiki/Steele_Municipal_Airport,https://skyvector.com/airport/M12
Stockton,MO3,Stockton Municipal Airport,https://en.wikipedia.org/wiki/Stockton_Municipal_Airport_(Missouri),N37°39.62',W93°49.01',1964,https://en.wikipedia.org/wiki/Stockton_Municipal_Airport,https://skyvector.com/airport/MO3
Stockton,2M5,Stockton Lake Seaplane Base,https://en.wikipedia.org/w/index.php?title=Stockton_Lake_Seaplane_Base&action=edit&redlink=1,N37°39.00',W93°45.51',1992,https://en.wikipedia.org/wiki/Stockton_Lake_Seaplane_Base,https://skyvector.com/airport/2M5
Thayer,42M,Thayer Memorial Airport,https://en.wikipedia.org/w/index.php?title=Thayer_Memorial_Airport&action=edit&redlink=1,N36°31.34',W91°34.32',1965,https://en.wikipedia.org/wiki/Thayer_Memorial_Airport,https://skyvector.com/airport/42M
Unionville,K43,Unionville Municipal Airport(was Municipal Airport),https://en.wikipedia.org/wiki/Unionville_Municipal_Airport,N40°32.41',W93°1.53',9999,https://en.wikipedia.org/wiki/Unionville_Municipal_Airport(was_Municipal_Airport),https://skyvector.com/airport/K43
Van Buren,MO5,Bollinger-Crass Memorial Airport,https://en.wikipedia.org/w/index.php?title=Bollinger-Crass_Memorial_Airport&action=edit&redlink=1,N37°0.56',W91°0.41',1976,https://en.wikipedia.org/wiki/Bollinger-Crass_Memorial_Airport,https://skyvector.com/airport/MO5
Versailles,3VS,Roy Otten Memorial Airfield,https://en.wikipedia.org/w/index.php?title=Roy_Otten_Memorial_Airfield&action=edit&redlink=1,N38°25.70',W92°52.52',1971,https://en.wikipedia.org/wiki/Roy_Otten_Memorial_Airfield,https://skyvector.com/airport/3VS
Warsaw,75U,Harry S. Truman Dam & Reservoir Seaplane Base,https://en.wikipedia.org/w/index.php?title=Harry_S._Truman_Dam_%26_Reservoir_Seaplane_Base&action=edit&redlink=1,N38°13.00',W93°25.01',1989,https://en.wikipedia.org/wiki/Harry_S._Truman_Dam_&_Reservoir_Seaplane_Base,https://skyvector.com/airport/75U
Willow Springs,1H5,Willow Springs Memorial Airport,https://en.wikipedia.org/w/index.php?title=Willow_Springs_Memorial_Airport&action=edit&redlink=1,N36°59.38',W91°57.24',1946,https://en.wikipedia.org/wiki/Willow_Springs_Memorial_Airport,https://skyvector.com/airport/1H5
Knob Noster,SZL,Whiteman Air Force Base,https://en.wikipedia.org/wiki/Whiteman_Air_Force_Base,N38°43.82',W93°32.87',9999,https://en.wikipedia.org/wiki/Whiteman_Air_Force_Base,https://skyvector.com/airport/SZL
Gravois Mills,MO30,"Harbour Airport(was public use 2005, FAA:7L7)",https://en.wikipedia.org/w/index.php?title=Harbour_Airport&action=edit&redlink=1,N38°16.20',W92°48.70',1989,"https://en.wikipedia.org/wiki/Harbour_Airport(was_public_use_2005,_FAA:7L7)",https://skyvector.com/airport/MO30
Lexington,MU97,Lexington Municipal Airport,https://en.wikipedia.org/wiki/Lexington_Municipal_Airport,N39°12.59',W93°55.66',1945,https://en.wikipedia.org/wiki/Lexington_Municipal_Airport,https://skyvector.com/airport/MU97
Montgomery City,4MO1,"Wehrman Airport(was public use 2010, FAA:4MO)",https://en.wikipedia.org/wiki/Montgomery-Wehrman_Airport,N39°0.76',W91°25.17',1966,"https://en.wikipedia.org/wiki/Wehrman_Airport(was_public_use_2010,_FAA:4MO)",https://skyvector.com/airport/4MO1
Osceola,23MU,Sean D. Sheldon Memorial Airfield,https://en.wikipedia.org/wiki/Osceola_Municipal_Airport_(Missouri),N38°1.11',W93°41.59',1973,https://en.wikipedia.org/wiki/Sean_D._Sheldon_Memorial_Airfield,https://skyvector.com/airport/23MU
Plattsburg,51MO,Plattsburg Airpark,https://en.wikipedia.org/w/index.php?title=Plattsburg_Airpark&action=edit&redlink=1,N39°35.67',W94°27.69',1968,https://en.wikipedia.org/wiki/Plattsburg_Airpark,https://skyvector.com/airport/51MO
Springfield,39MO,Gardner Airport,https://en.wikipedia.org/w/index.php?title=Gardner_Airport_(Missouri)&action=edit&redlink=1,N37°7.12',W93°12.29',1993,https://en.wikipedia.org/wiki/Gardner_Airport,https://skyvector.com/airport/39MO
Bonne Terre,77K,Bonne Terre Memorial Airport(closed 1998-2000)[1],https://en.wikipedia.org/w/index.php?title=Bonne_Terre_Memorial_Airport&action=edit&redlink=1,,,9999,https://en.wikipedia.org/wiki/Bonne_Terre_Memorial_Airport(closed_1998-2000)[1],https://skyvector.com/airport/77K
Carthage,H20,Myers Park Memorial Municipal Airport(closed 1997)[2],https://en.wikipedia.org/w/index.php?title=Myers_Park_Memorial_Municipal_Airport&action=edit&redlink=1,,,9999,https://en.wikipedia.org/wiki/Myers_Park_Memorial_Municipal_Airport(closed_1997)[2],https://skyvector.com/airport/H20
Columbia,CBI,Columbia Municipal Airport(closed 1970s)[3],https://en.wikipedia.org/w/index.php?title=Columbia_Municipal_Airport&action=edit&redlink=1,,,9999,https://en.wikipedia.org/wiki/Columbia_Municipal_Airport(closed_1970s)[3],https://skyvector.com/airport/CBI
Columbia,K24,E.W. Cotton Woods Memorial Airport(closed 1990)[4],https://en.wikipedia.org/w/index.php?title=E.W._Cotton_Woods_Memorial_Airport&action=edit&redlink=1,N37°0.58',W85°6.17',1994,https://en.wikipedia.org/wiki/E.W._Cotton_Woods_Memorial_Airport(closed_1990)[4],https://skyvector.com/airport/K24
Grandview,GVW,"Richards-Gebaur Airport(closed 1999, former Air Force Base)[5][6]",https://en.wikipedia.org/wiki/Richards-Gebaur_Airport,,,9999,"https://en.wikipedia.org/wiki/Richards-Gebaur_Airport(closed_1999,_former_Air_Force_Base)[5][6]",https://skyvector.com/airport/GVW
Independence,3IP,Independence Memorial Airport(closed 2003?)[7][8],https://en.wikipedia.org/w/index.php?title=Independence_Memorial_Airport&action=edit&redlink=1,,,9999,https://en.wikipedia.org/wiki/Independence_Memorial_Airport(closed_2003?)[7][8],https://skyvector.com/airport/3IP
Lake Winnebago,MO8,Lake Winnebago Municipal Airport(closed 1990s)[9],https://en.wikipedia.org/w/index.php?title=Lake_Winnebago_Municipal_Airport&action=edit&redlink=1,N39°46.28',W93°0.77',2002,https://en.wikipedia.org/wiki/Lake_Winnebago_Municipal_Airport(closed_1990s)[9],https://skyvector.com/airport/MO8
Marble Hill,0T3,Twin City Airpark,https://en.wikipedia.org/w/index.php?title=Twin_City_Airpark&action=edit&redlink=1,,,9999,https://en.wikipedia.org/wiki/Twin_City_Airpark,https://skyvector.com/airport/0T3
Ozark,2K2,Air Park South(closed 2006)[10],https://en.wikipedia.org/wiki/Air_Park_South,,,9999,https://en.wikipedia.org/wiki/Air_Park_South(closed_2006)[10],https://skyvector.com/airport/2K2
Princeton,7MO,Princeton-Kauffman Memorial Airport(closed 2012?)[11],https://en.wikipedia.org/wiki/Princeton-Kauffman_Memorial_Airport,,,9999,https://en.wikipedia.org/wiki/Princeton-Kauffman_Memorial_Airport(closed_2012?)[11],https://skyvector.com/airport/7MO
St. Charles,3SQ,St. Charles Airport,https://en.wikipedia.org/wiki/St._Charles_Airport,,,9999,https://en.wikipedia.org/wiki/St._Charles_Airport,https://skyvector.com/airport/3SQ
St. Louis,02K,Arrowhead Airport(closed 1993)[12],https://en.wikipedia.org/w/index.php?title=Arrowhead_Airport&action=edit&redlink=1,,,9999,https://en.wikipedia.org/wiki/Arrowhead_Airport(closed_1993)[12],https://skyvector.com/airport/02K
St. Clair,K39,St. Clair Regional Airport(closed 2017)[13],https://en.wikipedia.org/w/index.php?title=St._Clair_Regional_Airport&action=edit&redlink=1,,,9999,https://en.wikipedia.org/wiki/St._Clair_Regional_Airport(closed_2017)[13],https://skyvector.com/airport/K39
St. Louis,3WE,Weiss Airport(closed 1994)[14],https://en.wikipedia.org/wiki/Weiss_Airport,,,9999,https://en.wikipedia.org/wiki/Weiss_Airport(closed_1994)[14],https://skyvector.com/airport/3WE
Slater,9K5,Slater Memorial Airport,https://en.wikipedia.org/w/index.php?title=Slater_Memorial_Airport&action=edit&redlink=1,,,9999,https://en.wikipedia.org/wiki/Slater_Memorial_Airport,https://skyvector.com/airport/9K5